{
  "storage_size": [
    { "id": 1, "value": "Upto 249 GB" },
    { "id": 2, "value": "256 - 499 GB" },
    { "id": 3, "value": "500 - 999 GB" },
    { "id": 4, "value": "1 TB" },
    { "id": 5, "value": "1.5 TB" }
  ],
  "storage_type": [
    { "id": 1, "value": "SSD" },
    { "id": 2, "value": "HDD" },
    { "id": 3, "value": "SSD+HDD (Hybrid)" },
    { "id": 4, "value": "eMMC" },
    { "id": 5, "value": "Flash" }
  ],
  "os_version": [
    { "id": 1, "value": "Windows 11" },
    { "id": 2, "value": "Windows 11 Pro" },
    { "id": 3, "value": "Windows 11 Home" },
    { "id": 4, "value": "Windows 10" },
    { "id": 5, "value": "Windows 10 Pro" },
    { "id": 6, "value": "Windows 10 Home" },
    { "id": 7, "value": "Free DOS" },
    { "id": 8, "value": "OSX" },
    { "id": 9, "value": "Mac OS X High Sierra" },
    { "id": 10, "value": "Chrome OS" },
    { "id": 11, "value": "macOS Mojave" },
    { "id": 12, "value": "Mac OS X El Capitan" },
    { "id": 13, "value": "Mac OS X 10.3 Panther" },
    { "id": 14, "value": "macOS Monterey" },
    { "id": 15, "value": "Mac OS X El Capitan" },
    { "id": 16, "value": "Windows 8" },
    { "id": 17, "value": "Windows 9" }
  ],
  "graphics_memory": [
    { "id": 1, "value": "Intel UHD Graphics" },
    { "id": 2, "value": "Intel Xe Graphics" },
    { "id": 3, "value": "Intel" },
    { "id": 4, "value": "Integrated Graphics" },
    { "id": 5, "value": "Intel HD Graphics" },
    { "id": 6, "value": "Intel Iris/Iris Plus Graphics" },
    { "id": 7, "value": "Nvidia GeForce RTX Series" },
    { "id": 8, "value": "OSX" },
    { "id": 9, "value": "NVIDIA" },
    { "id": 10, "value": "Nvidia GeForce MX Series" },
    { "id": 11, "value": "Nvidia GeForce GTX Series" },
    { "id": 12, "value": "AMD" },
    { "id": 13, "value": "HD Graphics" },
    { "id": 14, "value": "AMD Radeon Pro" },
    { "id": 15, "value": "UHD Graphics" },
    { "id": 16, "value": "Iris Xe Graphics" },
    { "id": 17, "value": "AMD Radeon R5" },
    { "id": 18, "value": "AMD Radeon RX" },
    { "id": 19, "value": "Nvidia Quadro Series" },
    { "id": 20, "value": "AMD Radeon R7" },
    { "id": 21, "value": "Iris Plus Graphics" },
    { "id": 22, "value": "NVIDIA GeForce RTX" },
    { "id": 23, "value": "NVIDIA GeForce GTX 1650" },
    { "id": 24, "value": "NVIDIA GeForce MX330" },
    { "id": 25, "value": "NVIDIA GeForce MX350" },
    { "id": 26, "value": "NVIDIA GeForce GTX 1650 (Laptop)" },
    { "id": 27, "value": "NVIDIA GeForce GTX 1660 Ti (Laptop)" },
    { "id": 28, "value": "Radeon" },
    { "id": 29, "value": "AMD Radeon VII" },
    { "id": 30, "value": "GeForce" },
    { "id": 31, "value": "GeForce GTX" },
    { "id": 32, "value": "GeForce RTX" },
    { "id": 33, "value": "NVIDIA GeForce GTX" },
    { "id": 34, "value": "NVIDIA GeForce MX230" }
  ],
  "screen_size": [
    { "id": 1, "value": "17 Inches & Above" },
    { "id": 2, "value": "16 to 16.9 Inches" },
    { "id": 3, "value": "15 to 15.9 Inches" },
    { "id": 4, "value": "14 to 14.9 Inches" },
    { "id": 5, "value": "13 to 13.9 Inches" },
    { "id": 6, "value": "12 to 12.9 Inches" },
    { "id": 7, "value": "11 to 11.9 Inches" },
    { "id": 8, "value": "10.1 to 11 Inches" },
    { "id": 9, "value": "8.1 - 9 Inches" },
    { "id": 10, "value": "6.5 - 8 Inches" },
    { "id": 11, "value": "5.5 - 5.9 inches" },
    { "id": 12, "value": "5 - 5.4 inches" },
    { "id": 13, "value": "Below 5 Inches" }
  ],
  "display_resolution_type": [
    { "id": 1, "value": "Full HD" },
    { "id": 2, "value": "HD" },
    { "id": 3, "value": "QHD" },
    { "id": 4, "value": "UHD" },
    { "id": 5, "value": "Quad HD" },
    { "id": 6, "value": "Ultra HD" },
    { "id": 7, "value": "4K" },
    { "id": 8, "value": "HD+" },
    { "id": 9, "value": "5K Retina" },
    { "id": 10, "value": "WQHD" }
  ],
  "laptop_type": [
    { "id": 1, "value": "Notebook" },
    { "id": 2, "value": "Convertible 2 in 1" },
    { "id": 3, "value": "Ultrabook" }
  ]
}
